# {"t_start": 1636398183.686281, "env_id": "FrozenLake-v1"} 
r,l,t
0.0,13,0.024787
0.0,7,0.060152
0.0,2,0.061709
0.0,3,0.064165
0.0,14,0.099189
0.0,18,0.138875
0.0,5,0.143512
0.0,11,0.17734
0.0,9,0.185199
0.0,5,0.213827
0.0,4,0.216857
0.0,16,0.253877
0.0,11,0.262903
0.0,13,0.297639
0.0,21,0.339123
0.0,4,0.367079
0.0,8,0.373891
0.0,4,0.377377
0.0,7,0.40793
0.0,8,0.414782
0.0,7,0.44525
0.0,4,0.448292
0.0,6,0.452913
0.0,4,0.480563
0.0,15,0.492407
0.0,4,0.520346
0.0,10,0.529186
0.0,7,0.559745
0.0,15,0.596736
0.0,4,0.599861
0.0,6,0.604465
0.0,3,0.607024
0.0,4,0.634628
0.0,4,0.637774
0.0,5,0.641649
0.0,11,0.675767
0.0,9,0.683827
0.0,12,0.718223
0.0,3,0.720952
0.0,8,0.752491
0.0,3,0.755166
0.0,7,0.76109
0.0,8,0.792306
0.0,9,0.800058
0.0,8,0.831214
0.0,4,0.834356
0.0,7,0.84033
0.0,3,0.842998
0.0,2,0.869198
0.0,5,0.873302
0.0,23,0.916981
0.0,7,0.947358
0.0,12,0.957506
0.0,2,0.959302
0.0,7,0.988985
0.0,16,1.026147
0.0,5,1.030083
0.0,5,1.034483
0.0,4,1.062011
0.0,5,1.066243
0.0,6,1.071389
0.0,3,1.073832
0.0,13,1.10894
0.0,3,1.111394
0.0,7,1.141488
0.0,6,1.146239
0.0,9,1.177748
0.0,8,1.18447
0.0,2,1.186148
0.0,9,1.218618
0.0,6,1.223908
0.0,15,1.260483
0.0,5,1.264636
0.0,9,1.296772
0.0,8,1.303433
0.0,4,1.33154
0.0,8,1.337881
0.0,2,1.339468
0.0,4,1.343
0.0,7,1.373334
0.0,2,1.375122
0.0,4,1.378654
0.0,3,1.38139
0.0,7,1.411382
0.0,4,1.414664
0.0,5,1.419081
0.0,4,1.446679
0.0,7,1.452207
0.0,2,1.453786
0.0,4,1.456847
0.0,7,1.486801
0.0,5,1.491122
0.0,6,1.496048
0.0,5,1.524737
0.0,6,1.529441
0.0,2,1.531134
0.0,2,1.532773
0.0,11,1.566484
1.0,11,1.599517
0.0,7,1.605419
0.0,2,1.606973
0.0,5,1.611021
0.0,5,1.63947
0.0,7,1.644949
0.0,5,1.649069
0.0,4,1.67718
0.0,7,1.682958
0.0,7,1.688767
0.0,7,1.719024
0.0,7,1.724936
0.0,10,1.757974
0.0,10,1.766686
0.0,11,1.800437
0.0,8,1.83159
0.0,2,1.833237
0.0,9,1.840421
0.0,5,1.844428
0.0,7,1.874684
0.0,4,1.878089
0.0,3,1.880635
0.0,14,1.918085
0.0,9,1.950491
0.0,2,1.952172
0.0,8,1.95849
0.0,3,1.960842
0.0,15,1.997879
0.0,10,2.030311
0.0,3,2.032659
0.0,2,2.034198
0.0,14,2.071088
0.0,7,2.077556
0.0,18,2.117179
0.0,4,2.144914
0.0,10,2.153722
0.0,7,2.184508
0.0,2,2.186221
0.0,3,2.188921
0.0,9,2.221003
0.0,3,2.223434
0.0,7,2.229621
0.0,4,2.233295
0.0,3,2.259991
0.0,7,2.265988
0.0,2,2.267959
0.0,21,2.31118
0.0,15,2.349848
0.0,5,2.354295
0.0,5,2.383222
0.0,3,2.385925
0.0,4,2.389487
0.0,2,2.391375
0.0,15,2.429035
0.0,13,2.464931
0.0,3,2.467629
0.0,7,2.498626
1.0,9,2.506535
0.0,7,2.512516
0.0,3,2.539979
0.0,6,2.545369
0.0,2,2.547096
0.0,4,2.550763
0.0,6,2.580619
0.0,2,2.582194
0.0,10,2.590605
0.0,4,2.618716
0.0,2,2.620524
0.0,20,2.6625
0.0,13,2.69877
0.0,3,2.701562
0.0,4,2.705295
0.0,2,2.707071
0.0,4,2.710501
0.0,2,2.736654
0.0,2,2.73829
0.0,5,2.742841
0.0,3,2.745582
1.0,12,2.780713
0.0,4,2.784208
0.0,4,2.787583
0.0,2,2.789297
0.0,18,2.854548
0.0,2,2.856239
0.0,6,2.861273
0.0,3,2.863693
0.0,2,2.865444
0.0,3,2.868193
0.0,7,2.899406
0.0,5,2.903936
0.0,2,2.905729
0.0,4,2.933921
1.0,15,2.947117
0.0,5,2.976068
0.0,2,2.977827
0.0,3,2.980506
0.0,8,2.987809
0.0,3,3.015091
0.0,3,3.017572
0.0,6,3.023047
1.0,10,3.056577
0.0,2,3.058522
0.0,5,3.062982
0.0,4,3.066725
0.0,6,3.096695
1.0,6,3.101966
0.0,4,3.10547
0.0,2,3.107348
0.0,4,3.135506
0.0,2,3.137152
1.0,9,3.145322
0.0,5,3.174436
0.0,5,3.178839
0.0,2,3.180608
0.0,6,3.186022
1.0,6,3.215677
1.0,11,3.225816
0.0,4,3.253903
0.0,2,3.255586
0.0,3,3.258477
0.0,3,3.261216
1.0,6,3.266435
0.0,2,3.293032
1.0,9,3.301292
0.0,2,3.30315
1.0,6,3.333218
0.0,2,3.335045
0.0,3,3.337499
0.0,7,3.343863
0.0,2,3.345629
0.0,5,3.374771
1.0,6,3.379993
0.0,3,3.38284
1.0,10,3.416135
0.0,8,3.422736
0.0,2,3.424462
0.0,5,3.453464
0.0,2,3.455297
0.0,4,3.459087
0.0,3,3.461943
0.0,6,3.49143
0.0,3,3.494248
0.0,12,3.505173
0.0,3,3.532271
0.0,2,3.534082
1.0,6,3.539746
1.0,6,3.545136
0.0,2,3.5713
0.0,2,3.573001
0.0,4,3.576563
0.0,7,3.583158
0.0,4,3.611546
0.0,4,3.615154
0.0,3,3.617783
0.0,7,3.624179
1.0,6,3.653987
0.0,4,3.65781
0.0,5,3.662335
0.0,2,3.664174
0.0,4,3.691932
0.0,2,3.693732
0.0,3,3.696269
1.0,7,3.70267
0.0,4,3.731046
0.0,5,3.735407
1.0,6,3.741045
0.0,3,3.743766
0.0,5,3.772636
0.0,2,3.774442
1.0,7,3.780664
0.0,5,3.809265
0.0,3,3.811751
1.0,13,3.823378
0.0,4,3.851409
0.0,4,3.854714
0.0,3,3.857551
0.0,7,3.888094
0.0,4,3.891483
1.0,8,3.898624
1.0,10,3.93211
1.0,6,3.937274
1.0,10,3.971278
1.0,6,3.976695
0.0,2,3.978535
0.0,5,4.006702
0.0,3,4.00946
0.0,2,4.011296
0.0,3,4.014079
0.0,3,4.01684
0.0,5,4.021359
0.0,2,4.047555
0.0,2,4.049305
1.0,6,4.054419
1.0,7,4.060612
0.0,4,4.088713
1.0,6,4.094172
1.0,6,4.099398
0.0,4,4.127609
1.0,6,4.13303
1.0,6,4.13857
1.0,9,4.17071
0.0,3,4.173398
0.0,2,4.175249
0.0,3,4.178034
0.0,3,4.204727
1.0,8,4.211351
1.0,7,4.217175
1.0,9,4.248463
1.0,6,4.253901
1.0,6,4.283741
0.0,3,4.286307
0.0,5,4.290712
1.0,7,4.322579
0.0,3,4.325207
1.0,6,4.33063
1.0,7,4.336867
0.0,2,4.362899
0.0,2,4.364517
1.0,6,4.369723
0.0,4,4.373361
0.0,5,4.402376
0.0,4,4.405726
1.0,7,4.411955
0.0,5,4.440824
1.0,7,4.447264
0.0,3,4.449974
0.0,2,4.451721
0.0,2,4.453498
0.0,4,4.481699
1.0,7,4.4876
0.0,3,4.490351
1.0,8,4.522131
1.0,6,4.527366
1.0,6,4.532713
0.0,3,4.560114
1.0,8,4.566935
0.0,2,4.568788
1.0,10,4.602115
0.0,2,4.603848
1.0,6,4.609216
1.0,8,4.641105
1.0,7,4.647338
0.0,3,4.649898
1.0,8,4.681553
0.0,2,4.683147
0.0,3,4.685889
1.0,8,4.692845
1.0,6,4.722305
1.0,6,4.72759
1.0,6,4.757073
1.0,6,4.762083
1.0,6,4.767441
1.0,7,4.798414
0.0,5,4.802611
1.0,6,4.808036
1.0,6,4.837982
1.0,6,4.843124
1.0,7,4.849428
1.0,6,4.878897
1.0,7,4.885207
1.0,6,4.915023
0.0,5,4.919201
1.0,6,4.924639
1.0,6,4.954524
0.0,2,4.956092
1.0,9,4.963408
0.0,4,4.96713
0.0,5,4.99591
1.0,9,5.00399
0.0,3,5.006772
1.0,8,5.037967
1.0,6,5.043321
1.0,7,5.07498
0.0,3,5.07775
0.0,3,5.080471
1.0,6,5.085909
0.0,3,5.113025
1.0,8,5.120277
0.0,4,5.123851
0.0,3,5.126569
1.0,7,5.15727
1.0,8,5.164371
0.0,2,5.166216
1.0,6,5.196285
1.0,7,5.202453
1.0,6,5.232946
1.0,6,5.238346
1.0,7,5.244735
0.0,2,5.246527
1.0,6,5.276507
1.0,7,5.282743
1.0,6,5.312834
1.0,6,5.318071
1.0,6,5.323458
1.0,7,5.354074
1.0,7,5.359847
1.0,6,5.365268
1.0,6,5.394077
1.0,6,5.399499
1.0,6,5.404825
0.0,2,5.431357
1.0,6,5.436233
0.0,5,5.440744
0.0,5,5.469676
1.0,7,5.475502
1.0,7,5.481715
0.0,3,5.508446
1.0,7,5.514411
0.0,2,5.516187
0.0,3,5.51873
0.0,3,5.521498
1.0,6,5.551346
1.0,6,5.556685
1.0,6,5.561968
0.0,2,5.588079
0.0,2,5.589813
1.0,7,5.595953
0.0,2,5.597726
1.0,8,5.629015
0.0,6,5.634338
1.0,6,5.639739
0.0,3,5.666967
0.0,5,5.671389
0.0,2,5.673209
1.0,6,5.678572
0.0,3,5.70519
1.0,6,5.710177
1.0,6,5.715502
0.0,3,5.718089
1.0,6,5.747619
1.0,6,5.75289
0.0,2,5.754557
1.0,7,5.785238
0.0,4,5.788674
1.0,6,5.794155
1.0,7,5.824981
0.0,3,5.827585
0.0,2,5.829451
1.0,6,5.8347
0.0,3,5.837449
0.0,3,5.864638
1.0,6,5.869787
0.0,2,5.871657
0.0,2,5.873431
0.0,3,5.876148
1.0,6,5.905728
1.0,6,5.910879
1.0,6,5.916041
0.0,2,5.941948
1.0,6,5.94742
1.0,6,5.952887
1.0,6,5.982567
1.0,6,5.98771
1.0,8,5.9949
1.0,6,6.02431
1.0,7,6.030416
1.0,7,6.060923
1.0,6,6.066058
1.0,6,6.071385
0.0,3,6.098057
1.0,6,6.103108
1.0,6,6.108384
1.0,7,6.138788
1.0,6,6.144004
1.0,6,6.14926
0.0,3,6.176492
1.0,6,6.181563
1.0,7,6.187744
1.0,6,6.217571
1.0,6,6.222718
1.0,6,6.228042
0.0,3,6.255252
1.0,8,6.262041
1.0,7,6.26814
1.0,8,6.299012
1.0,6,6.304381
1.0,7,6.334346
1.0,6,6.339429
1.0,6,6.344669
0.0,3,6.372021
1.0,6,6.377274
1.0,6,6.38248
1.0,7,6.413245
0.0,4,6.41645
1.0,6,6.421737
1.0,7,6.452455
1.0,7,6.458514
1.0,6,6.463668
1.0,6,6.49294
1.0,6,6.49809
1.0,6,6.503454
1.0,6,6.532891
1.0,6,6.53835
1.0,6,6.568183
1.0,6,6.573342
1.0,6,6.578682
1.0,7,6.609137
1.0,6,6.614336
1.0,6,6.619579
0.0,3,6.646997
1.0,6,6.652151
1.0,8,6.659255
0.0,3,6.686135
1.0,6,6.691279
1.0,6,6.696613
1.0,7,6.727313
1.0,6,6.73258
1.0,7,6.738761
1.0,6,6.7684
1.0,6,6.773625
1.0,6,6.778842
0.0,2,6.805181
1.0,6,6.810153
1.0,6,6.815468
1.0,6,6.845192
1.0,6,6.850323
1.0,6,6.855682
0.0,3,6.882711
1.0,6,6.887838
1.0,6,6.893192
1.0,7,6.923908
1.0,6,6.929026
0.0,2,6.930725
1.0,6,6.936028
1.0,6,6.965654
1.0,7,6.971927
1.0,7,7.00259
1.0,6,7.007787
1.0,6,7.013042
0.0,3,7.040323
1.0,6,7.04534
1.0,8,7.052489
0.0,3,7.079358
1.0,7,7.08513
1.0,7,7.090782
0.0,3,7.117895
1.0,6,7.123227
1.0,6,7.128592
0.0,3,7.131275
1.0,6,7.160761
1.0,6,7.165959
1.0,6,7.171282
1.0,6,7.200573
1.0,6,7.20584
1.0,6,7.235446
1.0,6,7.240397
0.0,2,7.242172
1.0,6,7.247575
0.0,3,7.274528
1.0,6,7.279793
1.0,6,7.285075
1.0,7,7.315844
1.0,7,7.321986
1.0,7,7.328073
0.0,2,7.354404
1.0,6,7.359593
1.0,6,7.364884
0.0,2,7.366672
1.0,6,7.395807
1.0,7,7.401921
1.0,6,7.431246
1.0,6,7.436224
1.0,6,7.441458
1.0,7,7.471998
1.0,7,7.478011
1.0,6,7.483247
1.0,6,7.512781
1.0,6,7.518169
0.0,5,7.522584
1.0,6,7.552014
1.0,6,7.557292
1.0,6,7.562624
1.0,6,7.591968
1.0,6,7.597247
1.0,6,7.627077
1.0,6,7.632422
1.0,6,7.638052
1.0,7,7.668816
1.0,7,7.674845
1.0,6,7.68015
1.0,6,7.709405
1.0,6,7.714534
1.0,6,7.719685
1.0,6,7.74928
1.0,6,7.75462
1.0,6,7.78425
1.0,6,7.789097
1.0,6,7.794367
1.0,8,7.826121
1.0,6,7.831372
1.0,6,7.836679
1.0,6,7.866386
1.0,6,7.871653
1.0,6,7.876867
1.0,6,7.906429
1.0,6,7.91165
1.0,6,7.941204
1.0,6,7.946316
1.0,6,7.951577
1.0,7,7.981373
1.0,6,7.986484
1.0,6,7.991781
0.0,3,8.018964
1.0,6,8.023949
1.0,6,8.029224
1.0,7,8.059916
1.0,6,8.065053
1.0,6,8.070395
0.0,3,8.097609
1.0,6,8.102567
1.0,6,8.107839
1.0,7,8.138434
1.0,6,8.143406
1.0,6,8.14866
0.0,3,8.17596
1.0,6,8.181253
0.0,2,8.183077
1.0,6,8.188363
0.0,3,8.214971
1.0,6,8.219898
1.0,6,8.22518
1.0,7,8.255971
1.0,6,8.261265
1.0,6,8.266549
0.0,3,8.293496
1.0,6,8.298387
1.0,6,8.303617
1.0,7,8.334301
1.0,6,8.339487
1.0,6,8.344767
0.0,3,8.371407
1.0,6,8.376608
1.0,6,8.381902
1.0,7,8.413806
1.0,6,8.419206
1.0,6,8.424464
0.0,3,8.451711
1.0,6,8.456625
0.0,5,8.460956
1.0,6,8.490852
1.0,7,8.496933
0.0,3,8.499634
1.0,6,8.504845
0.0,2,8.531019
1.0,6,8.536219
1.0,6,8.541507
1.0,6,8.571278
1.0,6,8.576248
1.0,6,8.581597
0.0,3,8.608664
1.0,6,8.613876
1.0,6,8.619136
1.0,7,8.6497
1.0,6,8.654862
1.0,6,8.660048
0.0,3,8.687158
1.0,6,8.69203
1.0,6,8.697253
1.0,7,8.727725
1.0,6,8.732533
1.0,6,8.737766
0.0,3,8.764816
0.0,2,8.76651
1.0,6,8.771654
1.0,6,8.776892
0.0,3,8.803922
1.0,6,8.808946
1.0,6,8.814206
1.0,7,8.844831
1.0,6,8.850142
1.0,6,8.855359
0.0,3,8.881722
1.0,6,8.886664
1.0,6,8.891876
1.0,7,8.922754
1.0,6,8.928044
1.0,6,8.93333
0.0,3,8.960347
1.0,6,8.965235
1.0,6,8.970462
1.0,7,9.001448
1.0,6,9.006684
1.0,6,9.01195
0.0,3,9.038679
1.0,6,9.043801
1.0,6,9.049022
0.0,5,9.077958
1.0,6,9.083051
1.0,6,9.088246
0.0,5,9.1171
1.0,6,9.122319
1.0,6,9.127572
1.0,7,9.157777
1.0,6,9.162959
1.0,6,9.1682
0.0,3,9.195445
1.0,6,9.200546
1.0,6,9.205817
1.0,7,9.236407
1.0,6,9.241619
1.0,7,9.247695
1.0,7,9.277822
1.0,6,9.283205
1.0,6,9.31322
1.0,6,9.318234
0.0,2,9.320036
0.0,3,9.322566
1.0,6,9.352123
1.0,6,9.357043
1.0,6,9.362335
1.0,7,9.392924
1.0,6,9.398185
1.0,6,9.403426
0.0,3,9.430538
1.0,6,9.435437
1.0,6,9.440644
1.0,7,9.471529
1.0,6,9.476878
1.0,6,9.482157
0.0,3,9.509261
1.0,6,9.514482
1.0,6,9.519714
1.0,7,9.550549
1.0,6,9.555482
1.0,6,9.560731
0.0,3,9.587869
1.0,6,9.593009
1.0,6,9.598277
1.0,7,9.62899
1.0,6,9.634252
1.0,6,9.639503
0.0,3,9.666677
1.0,6,9.671565
1.0,6,9.676772
1.0,7,9.707572
1.0,6,9.712805
1.0,6,9.718022
0.0,3,9.7451
1.0,6,9.75035
1.0,6,9.755571
1.0,7,9.78633
1.0,6,9.791581
1.0,6,9.796794
0.0,3,9.823952
1.0,6,9.829163
1.0,6,9.834348
1.0,6,9.864225
1.0,6,9.869393
1.0,6,9.874717
1.0,6,9.904498
1.0,6,9.90976
1.0,6,9.915017
0.0,3,9.942048
1.0,6,9.947221
1.0,6,9.952511
1.0,7,9.983276
1.0,6,9.988596
1.0,6,9.994047
0.0,3,10.021995
1.0,6,10.027243
1.0,6,10.032493
1.0,7,10.063182
1.0,6,10.068162
1.0,6,10.073512
0.0,3,10.100674
1.0,6,10.105876
1.0,6,10.111126
1.0,7,10.141775
1.0,6,10.146952
1.0,6,10.152234
0.0,3,10.179213
1.0,6,10.184477
1.0,6,10.189808
1.0,7,10.220516
0.0,2,10.222217
1.0,6,10.227471
1.0,6,10.232594
1.0,6,10.262
1.0,6,10.26731
1.0,6,10.297111
1.0,6,10.302232
1.0,6,10.307467
1.0,7,10.337969
1.0,6,10.34319
1.0,6,10.348465
0.0,3,10.375704
1.0,6,10.380721
1.0,7,10.386874
1.0,6,10.416398
1.0,6,10.421502
1.0,6,10.426774
0.0,3,10.454053
1.0,6,10.459052
1.0,6,10.464349
1.0,7,10.494921
1.0,6,10.499993
1.0,6,10.505315
0.0,3,10.53215
1.0,6,10.537522
1.0,6,10.542799
0.0,2,10.544571
0.0,3,10.571621
1.0,6,10.576567
1.0,6,10.581839
1.0,7,10.612257
1.0,6,10.617585
1.0,6,10.622769
0.0,3,10.649858
1.0,7,10.655556
1.0,6,10.660894
1.0,6,10.690387
1.0,6,10.695683
1.0,6,10.701084
0.0,3,10.72873
1.0,6,10.733811
1.0,6,10.738983
1.0,7,10.76978
1.0,6,10.775054
1.0,6,10.780244
0.0,3,10.807182
1.0,6,10.812413
1.0,6,10.817636
1.0,7,10.848829
1.0,6,10.854132
1.0,6,10.8594
0.0,3,10.886168
1.0,6,10.891382
1.0,6,10.896634
1.0,7,10.9273
1.0,6,10.932539
0.0,5,10.936812
1.0,6,10.966506
1.0,6,10.971761
1.0,6,10.977051
0.0,3,11.003871
1.0,6,11.008843
1.0,6,11.014118
1.0,7,11.044387
1.0,6,11.049577
1.0,6,11.054811
0.0,3,11.081575
1.0,6,11.086526
1.0,6,11.091814
1.0,7,11.122619
1.0,6,11.127769
1.0,6,11.133019
0.0,3,11.160203
1.0,6,11.165205
1.0,6,11.170447
1.0,7,11.201098
1.0,6,11.206149
1.0,7,11.212208
1.0,6,11.24218
1.0,6,11.247408
1.0,6,11.252636
1.0,6,11.281975
1.0,6,11.287306
1.0,6,11.317204
0.0,2,11.319071
1.0,6,11.324399
1.0,6,11.329661
0.0,3,11.356614
1.0,6,11.3615
1.0,6,11.366764
1.0,7,11.39726
1.0,7,11.403436
1.0,6,11.410292
1.0,6,11.454714
1.0,6,11.460659
1.0,6,11.466372
1.0,6,11.524626
1.0,6,11.530953
1.0,6,11.562895
1.0,6,11.568005
1.0,6,11.573245
1.0,7,11.603395
1.0,6,11.60846
1.0,6,11.61366
0.0,3,11.640515
1.0,6,11.645316
1.0,6,11.650474
1.0,7,11.681177
1.0,6,11.686357
1.0,6,11.691585
0.0,3,11.718541
1.0,6,11.723386
1.0,6,11.728603
1.0,7,11.759501
1.0,6,11.764877
1.0,6,11.770159
0.0,3,11.797252
1.0,6,11.80214
1.0,6,11.807446
1.0,7,11.83814
1.0,6,11.843363
1.0,6,11.84858
0.0,3,11.875709
1.0,6,11.880959
1.0,6,11.886161
1.0,7,11.917929
1.0,6,11.923293
1.0,6,11.928633
0.0,3,11.95579
1.0,6,11.960727
1.0,6,11.966014
1.0,7,11.996307
1.0,6,12.001573
1.0,6,12.006727
0.0,3,12.033297
1.0,6,12.038442
1.0,6,12.043635
1.0,7,12.074417
1.0,6,12.079729
1.0,6,12.085266
0.0,3,12.112849
1.0,6,12.118018
1.0,6,12.123279
1.0,7,12.153835
1.0,6,12.159098
1.0,6,12.164331
0.0,3,12.191144
1.0,6,12.196322
1.0,6,12.201577
1.0,7,12.232232
1.0,6,12.237496
1.0,6,12.242951
0.0,3,12.270727
1.0,6,12.276024
1.0,6,12.281249
1.0,7,12.31198
1.0,6,12.316893
1.0,6,12.322098
0.0,3,12.349212
1.0,6,12.354337
1.0,6,12.359518
1.0,7,12.390251
1.0,6,12.395457
1.0,6,12.400662
0.0,3,12.427815
1.0,6,12.432942
1.0,6,12.438247
1.0,7,12.469455
1.0,6,12.47478
1.0,6,12.479988
0.0,3,12.507321
1.0,6,12.512469
1.0,6,12.517703
1.0,7,12.548153
1.0,6,12.553439
1.0,6,12.558737
0.0,3,12.585698
1.0,6,12.590853
1.0,6,12.596077
1.0,7,12.626896
1.0,6,12.632094
1.0,6,12.637358
0.0,3,12.664106
1.0,6,12.669177
1.0,6,12.674462
1.0,7,12.705178
1.0,6,12.710356
1.0,6,12.715534
0.0,3,12.742626
1.0,6,12.747657
1.0,6,12.752933
0.0,5,12.781919
1.0,6,12.786957
1.0,6,12.792254
1.0,7,12.822879
1.0,6,12.828
1.0,6,12.833283
0.0,3,12.859952
1.0,6,12.865128
1.0,6,12.870403
1.0,7,12.900987
1.0,6,12.906013
1.0,6,12.911239
0.0,3,12.938441
1.0,6,12.94368
1.0,6,12.948936
0.0,5,12.977666
1.0,6,12.982865
1.0,6,12.988069
1.0,7,13.018649
1.0,6,13.023486
1.0,6,13.028705
0.0,3,13.055612
1.0,6,13.060772
1.0,6,13.065986
1.0,7,13.096801
1.0,6,13.102039
1.0,6,13.107292
0.0,3,13.134471
1.0,6,13.139581
1.0,6,13.144779
1.0,7,13.175401
1.0,6,13.180643
1.0,6,13.185792
0.0,3,13.212829
1.0,6,13.217915
1.0,6,13.223218
1.0,7,13.253703
1.0,6,13.258838
1.0,6,13.264103
0.0,3,13.291182
1.0,6,13.296092
1.0,6,13.301348
0.0,5,13.330544
1.0,6,13.335758
1.0,6,13.341062
1.0,7,13.371929
1.0,6,13.377044
1.0,6,13.382258
0.0,3,13.40862
1.0,6,13.413427
1.0,6,13.418544
1.0,7,13.44935
1.0,6,13.454606
1.0,6,13.459865
0.0,3,13.486508
1.0,6,13.491727
1.0,6,13.496922
1.0,7,13.527463
1.0,6,13.532714
1.0,6,13.537993
0.0,3,13.564986
1.0,6,13.57008
1.0,6,13.575283
1.0,7,13.605838
1.0,6,13.610993
1.0,6,13.616191
0.0,3,13.64307
1.0,6,13.648187
1.0,6,13.653459
1.0,7,13.68393
1.0,6,13.689006
1.0,6,13.694236
0.0,3,13.721111
1.0,7,13.72698
1.0,6,13.732267
1.0,6,13.762227
1.0,6,13.7674
1.0,6,13.772611
0.0,3,13.799567
1.0,6,13.804457
1.0,6,13.809719
1.0,7,13.840462
1.0,6,13.845709
1.0,6,13.850852
0.0,3,13.877737
1.0,6,13.882579
1.0,6,13.887714
1.0,7,13.918494
1.0,6,13.923763
1.0,6,13.929033
0.0,3,13.956082
1.0,6,13.961264
1.0,6,13.966479
1.0,7,13.997213
1.0,6,14.00239
1.0,6,14.007564
0.0,3,14.034379
1.0,6,14.03948
1.0,6,14.044767
1.0,7,14.075562
1.0,6,14.080638
1.0,6,14.085809
0.0,3,14.112763
1.0,6,14.117818
1.0,6,14.12311
1.0,7,14.153934
1.0,6,14.158992
1.0,6,14.164234
0.0,3,14.190902
1.0,6,14.195773
1.0,6,14.20103
1.0,7,14.231327
1.0,6,14.23658
1.0,6,14.241811
0.0,3,14.268629
1.0,6,14.273376
1.0,6,14.278454
1.0,7,14.309324
1.0,6,14.314595
1.0,6,14.319819
0.0,3,14.346741
1.0,6,14.351904
1.0,6,14.357144
1.0,7,14.388154
1.0,6,14.393348
1.0,6,14.398658
0.0,3,14.425488
1.0,6,14.430737
1.0,6,14.454173
1.0,7,14.488256
1.0,6,14.49364
1.0,6,14.49888
0.0,3,14.525573
1.0,6,14.530485
1.0,6,14.535711
1.0,7,14.56655
1.0,6,14.571828
1.0,6,14.57709
0.0,3,14.603918
1.0,6,14.609071
1.0,6,14.61442
1.0,7,14.645245
1.0,6,14.650448
1.0,6,14.655675
0.0,3,14.682064
1.0,6,14.687122
1.0,6,14.692391
1.0,7,14.723315
1.0,6,14.728256
1.0,6,14.733457
0.0,3,14.760419
1.0,6,14.765483
1.0,6,14.77082
1.0,7,14.801845
1.0,6,14.807059
1.0,6,14.812385
0.0,3,14.839296
1.0,6,14.844308
1.0,6,14.84957
1.0,7,14.880439
1.0,6,14.885472
1.0,6,14.890729
0.0,3,14.917848
1.0,6,14.92291
1.0,6,14.928185
1.0,7,14.959148
1.0,6,14.964441
1.0,6,14.969724
0.0,3,14.996632
1.0,6,15.001565
1.0,6,15.006821
0.0,5,15.035985
1.0,6,15.041255
1.0,6,15.046583
1.0,7,15.077474
1.0,6,15.082643
1.0,6,15.087892
0.0,3,15.115316
1.0,6,15.120588
1.0,6,15.125999
1.0,7,15.15745
1.0,6,15.162678
1.0,6,15.167952
0.0,3,15.195193
1.0,6,15.20034
1.0,6,15.20563
1.0,7,15.237202
1.0,6,15.242494
1.0,6,15.247782
0.0,3,15.274933
1.0,6,15.28009
1.0,6,15.285338
1.0,7,15.315935
1.0,6,15.321226
1.0,6,15.326558
0.0,3,15.353179
1.0,6,15.358203
1.0,6,15.363523
1.0,7,15.394257
1.0,6,15.399457
1.0,6,15.404904
0.0,3,15.432884
1.0,6,15.438206
1.0,6,15.443523
1.0,7,15.474187
1.0,6,15.479442
1.0,6,15.484705
0.0,3,15.511814
1.0,6,15.516935
1.0,6,15.522184
1.0,7,15.552639
1.0,6,15.557764
1.0,6,15.563043
0.0,3,15.590115
1.0,6,15.595169
1.0,6,15.600428
0.0,5,15.629221
1.0,6,15.634298
1.0,6,15.63961
1.0,7,15.670267
1.0,6,15.675417
1.0,6,15.680735
0.0,3,15.70745
1.0,6,15.712428
1.0,6,15.717748
1.0,7,15.748807
1.0,6,15.754192
1.0,6,15.75967
0.0,3,15.787011
1.0,6,15.792322
1.0,6,15.797657
1.0,7,15.82859
1.0,6,15.833779
1.0,6,15.839087
0.0,3,15.866067
1.0,6,15.871183
1.0,6,15.87645
1.0,7,15.907019
1.0,6,15.912151
1.0,6,15.917402
0.0,3,15.944262
1.0,6,15.949327
1.0,6,15.954614
1.0,7,15.985324
1.0,6,15.990419
1.0,6,15.995705
0.0,3,16.022681
1.0,6,16.027715
1.0,6,16.033019
1.0,7,16.06407
1.0,6,16.069407
1.0,6,16.07465
0.0,3,16.101632
1.0,6,16.106607
1.0,6,16.11199
1.0,7,16.143927
1.0,6,16.149056
1.0,6,16.154597
0.0,3,16.182245
1.0,6,16.187543
1.0,6,16.19282
1.0,7,16.223862
1.0,6,16.229173
1.0,6,16.234492
0.0,3,16.26152
1.0,6,16.266715
1.0,6,16.272039
1.0,7,16.302734
1.0,6,16.308036
1.0,6,16.313333
0.0,3,16.339973
1.0,6,16.345091
1.0,6,16.350393
1.0,7,16.380842
1.0,6,16.386013
1.0,6,16.391289
0.0,3,16.418055
1.0,6,16.42313
1.0,6,16.428288
1.0,7,16.459071
1.0,6,16.464199
1.0,6,16.469435
0.0,3,16.496428
1.0,6,16.501432
1.0,6,16.506675
1.0,7,16.537775
1.0,6,16.543108
1.0,6,16.548324
0.0,3,16.575193
1.0,6,16.580103
1.0,6,16.585407
1.0,7,16.616414
1.0,6,16.621726
1.0,6,16.626992
0.0,3,16.653989
1.0,6,16.659031
1.0,6,16.664249
1.0,7,16.695027
1.0,6,16.700229
1.0,6,16.705471
0.0,3,16.732424
1.0,6,16.73735
1.0,6,16.742539
1.0,7,16.773469
1.0,6,16.77875
1.0,6,16.783955
0.0,3,16.810936
1.0,6,16.815823
1.0,6,16.821071
1.0,7,16.851661
1.0,6,16.856928
1.0,6,16.86209
0.0,3,16.88899
1.0,6,16.894082
1.0,6,16.899338
1.0,7,16.930233
1.0,6,16.935444
1.0,6,16.940879
0.0,3,16.968489
1.0,6,16.973526
1.0,6,16.978755
1.0,7,17.009484
1.0,6,17.014715
1.0,6,17.019875
0.0,3,17.046886
1.0,6,17.052082
1.0,6,17.057277
1.0,7,17.087927
1.0,6,17.093144
1.0,6,17.098381
0.0,3,17.125324
1.0,6,17.130508
1.0,6,17.135762
1.0,7,17.166602
1.0,6,17.17182
1.0,6,17.176988
0.0,3,17.203922
1.0,6,17.209064
1.0,6,17.214326
1.0,7,17.24489
1.0,6,17.250033
1.0,6,17.255256
0.0,3,17.282265
1.0,6,17.287392
1.0,6,17.29252
1.0,7,17.323095
1.0,6,17.328245
1.0,6,17.333436
0.0,3,17.360377
1.0,6,17.365327
1.0,6,17.370538
1.0,7,17.401226
1.0,6,17.406403
1.0,6,17.41155
0.0,3,17.438382
1.0,6,17.443368
1.0,6,17.448565
1.0,7,17.479261
1.0,6,17.484492
1.0,6,17.489667
0.0,3,17.516556
1.0,6,17.521422
1.0,6,17.526568
1.0,7,17.55727
1.0,6,17.562439
1.0,6,17.567629
0.0,3,17.594703
1.0,6,17.599837
1.0,6,17.60503
1.0,7,17.635805
1.0,6,17.640991
1.0,6,17.646226
0.0,3,17.673148
1.0,6,17.6782
1.0,6,17.683393
1.0,7,17.714223
1.0,6,17.719374
1.0,6,17.724742
0.0,3,17.752245
1.0,6,17.757406
1.0,6,17.762578
1.0,7,17.793657
1.0,6,17.798829
1.0,6,17.804004
0.0,3,17.831039
1.0,6,17.836143
1.0,6,17.84142
1.0,7,17.872102
1.0,6,17.877254
1.0,6,17.882404
0.0,3,17.9094
1.0,6,17.914448
1.0,6,17.9197
1.0,7,17.950073
1.0,6,17.954863
1.0,6,17.960079
0.0,3,17.987123
1.0,6,17.992146
1.0,6,17.997461
1.0,7,18.028167
1.0,6,18.033409
1.0,6,18.038596
0.0,3,18.06564
1.0,6,18.070522
1.0,6,18.075733
1.0,7,18.106555
1.0,6,18.111795
1.0,6,18.117038
0.0,3,18.144201
1.0,6,18.14905
1.0,6,18.154321
1.0,7,18.185067
1.0,6,18.190358
1.0,6,18.195587
0.0,3,18.222451
1.0,6,18.22731
1.0,6,18.232161
1.0,7,18.262846
1.0,6,18.268079
1.0,6,18.273313
0.0,3,18.300256
1.0,6,18.305323
1.0,6,18.310613
1.0,7,18.34145
1.0,6,18.346609
1.0,6,18.351814
0.0,3,18.378283
1.0,6,18.383204
1.0,6,18.388428
1.0,7,18.418524
1.0,6,18.423697
1.0,6,18.428905
0.0,3,18.455927
1.0,6,18.460814
1.0,6,18.466025
1.0,7,18.496721
1.0,6,18.501913
1.0,6,18.507114
0.0,3,18.534357
1.0,6,18.539231
1.0,6,18.544465
1.0,7,18.576259
1.0,6,18.58151
1.0,6,18.586688
0.0,3,18.613722
1.0,6,18.61861
1.0,6,18.623853
0.0,5,18.653008
1.0,6,18.658187
1.0,6,18.663423
1.0,7,18.69383
1.0,6,18.698682
1.0,6,18.703912
0.0,3,18.731121
1.0,6,18.736289
1.0,6,18.741557
1.0,7,18.772173
1.0,6,18.777442
1.0,6,18.782587
0.0,3,18.809647
1.0,6,18.814717
1.0,6,18.819856
1.0,7,18.850512
1.0,6,18.855646
1.0,6,18.860819
0.0,3,18.887922
1.0,6,18.892948
1.0,6,18.898194
1.0,7,18.928861
1.0,6,18.933988
1.0,6,18.93914
0.0,3,18.9659
1.0,6,18.971184
1.0,6,18.976393
1.0,7,19.006874
1.0,6,19.011837
1.0,6,19.017005
0.0,3,19.044036
1.0,6,19.049319
1.0,6,19.054565
1.0,7,19.084774
1.0,6,19.089626
1.0,6,19.094887
0.0,3,19.122034
1.0,6,19.127184
1.0,6,19.132386
1.0,7,19.163064
1.0,6,19.16836
1.0,6,19.173593
0.0,3,19.200752
1.0,6,19.205923
1.0,6,19.21115
1.0,7,19.241969
1.0,6,19.24729
1.0,6,19.252816
0.0,3,19.28056
1.0,7,19.286529
1.0,6,19.291914
1.0,6,19.322774
1.0,6,19.327782
1.0,6,19.3335
0.0,3,19.361167
1.0,6,19.366252
1.0,6,19.371464
1.0,7,19.401878
1.0,6,19.406979
1.0,6,19.412206
0.0,3,19.439214
1.0,6,19.444525
1.0,6,19.449765
1.0,7,19.480266
1.0,6,19.485286
1.0,6,19.490363
0.0,3,19.517345
1.0,6,19.52228
1.0,6,19.52757
1.0,7,19.558083
1.0,6,19.563041
1.0,6,19.568306
0.0,3,19.595283
1.0,6,19.600115
1.0,6,19.605147
1.0,7,19.635771
1.0,6,19.640634
1.0,6,19.64589
0.0,3,19.67309
1.0,6,19.678145
1.0,6,19.683322
1.0,7,19.71367
1.0,6,19.718787
1.0,6,19.724044
0.0,3,19.751215
1.0,6,19.756382
1.0,6,19.761661
1.0,7,19.792173
1.0,6,19.797323
1.0,6,19.802538
0.0,3,19.829838
1.0,6,19.834759
1.0,6,19.840037
1.0,7,19.870792
1.0,6,19.875744
1.0,6,19.881011
0.0,3,19.908263
1.0,6,19.913489
1.0,6,19.918763
1.0,7,19.950162
1.0,6,19.955288
1.0,6,19.960494
0.0,3,19.987733
1.0,6,19.992968
1.0,6,19.99809
1.0,7,20.028522
1.0,6,20.033564
1.0,6,20.038973
0.0,3,20.066626
1.0,6,20.071644
1.0,6,20.076998
1.0,7,20.108449
1.0,6,20.113573
1.0,6,20.118759
0.0,3,20.145743
1.0,6,20.150696
1.0,6,20.15594
1.0,7,20.186379
1.0,6,20.191611
1.0,6,20.196816
0.0,3,20.223864
1.0,6,20.228742
1.0,6,20.233978
1.0,7,20.264373
1.0,6,20.269619
1.0,6,20.274856
0.0,3,20.301881
1.0,6,20.306749
1.0,6,20.311959
1.0,7,20.3428
1.0,6,20.347998
1.0,6,20.353223
0.0,3,20.380105
1.0,6,20.385206
1.0,6,20.390467
1.0,7,20.421202
1.0,6,20.426349
1.0,6,20.431535
0.0,3,20.458424
1.0,6,20.463488
1.0,6,20.468681
1.0,7,20.499377
1.0,6,20.504452
1.0,6,20.509632
0.0,3,20.53663
1.0,6,20.541585
1.0,6,20.546831
1.0,7,20.577438
1.0,6,20.582206
1.0,6,20.587257
0.0,3,20.614119
1.0,6,20.619012
1.0,6,20.624279
1.0,7,20.654992
1.0,6,20.660195
1.0,6,20.665418
0.0,3,20.692307
1.0,6,20.697429
1.0,6,20.702679
1.0,7,20.733069
1.0,6,20.738301
1.0,6,20.743438
0.0,3,20.77033
1.0,6,20.775421
1.0,6,20.780711
1.0,7,20.811239
1.0,6,20.816367
1.0,6,20.821623
0.0,3,20.84869
1.0,6,20.853725
1.0,6,20.858922
1.0,8,20.890409
1.0,6,20.895549
1.0,6,20.900736
1.0,6,20.930254
1.0,6,20.935467
1.0,6,20.940577
0.0,2,20.966483
1.0,6,20.971818
1.0,6,20.977059
1.0,6,21.006193
1.0,6,21.01109
1.0,6,21.016257
0.0,3,21.04329
1.0,6,21.0484
1.0,6,21.053579
1.0,7,21.083837
1.0,6,21.088998
1.0,6,21.094176
0.0,3,21.121368
1.0,6,21.126401
1.0,6,21.131658
1.0,7,21.162487
1.0,6,21.16763
1.0,6,21.172865
0.0,3,21.199782
1.0,6,21.204696
1.0,6,21.209927
1.0,7,21.240557
1.0,6,21.245577
1.0,6,21.250822
0.0,3,21.277706
1.0,6,21.282947
1.0,6,21.288168
1.0,7,21.318551
1.0,6,21.32341
1.0,6,21.328594
0.0,3,21.355586
1.0,6,21.360694
1.0,6,21.365785
1.0,7,21.396423
1.0,6,21.401636
1.0,6,21.406778
0.0,3,21.433588
1.0,6,21.438613
1.0,6,21.443829
1.0,7,21.474357
1.0,6,21.479443
1.0,6,21.484678
0.0,3,21.511806
1.0,6,21.516775
1.0,6,21.522024
1.0,7,21.552739
1.0,6,21.557814
1.0,6,21.563062
0.0,3,21.589974
1.0,6,21.595219
1.0,6,21.600417
1.0,7,21.630794
1.0,6,21.635737
1.0,6,21.640973
0.0,3,21.667975
1.0,6,21.673175
1.0,6,21.678326
1.0,7,21.708814
1.0,6,21.714027
1.0,6,21.719202
0.0,3,21.74625
1.0,6,21.751458
1.0,6,21.756774
1.0,7,21.787394
1.0,6,21.792664
1.0,6,21.797914
0.0,3,21.824996
1.0,6,21.830167
1.0,6,21.835366
1.0,7,21.865487
1.0,6,21.870711
1.0,6,21.875944
0.0,3,21.903158
1.0,6,21.908279
1.0,6,21.913506
1.0,7,21.944876
1.0,6,21.950184
1.0,6,21.955359
0.0,3,21.982656
1.0,6,21.987802
1.0,6,21.992976
1.0,7,22.023506
1.0,6,22.02865
1.0,6,22.033869
0.0,3,22.061026
1.0,6,22.066066
1.0,6,22.071262
1.0,7,22.101741
1.0,6,22.106814
1.0,6,22.112314
0.0,3,22.139643
1.0,6,22.144685
1.0,6,22.14989
1.0,7,22.180046
1.0,6,22.185094
1.0,6,22.19027
0.0,3,22.217518
1.0,6,22.222806
1.0,6,22.227994
1.0,7,22.258517
1.0,6,22.263467
1.0,6,22.268727
0.0,3,22.296044
1.0,6,22.301221
1.0,6,22.306586
1.0,7,22.338017
1.0,6,22.343116
1.0,6,22.348386
0.0,3,22.375514
1.0,6,22.380795
1.0,6,22.386048
1.0,7,22.416573
1.0,6,22.421647
1.0,6,22.426815
0.0,3,22.453882
1.0,6,22.459036
1.0,6,22.464228
1.0,7,22.494904
1.0,6,22.499902
1.0,6,22.505179
0.0,3,22.532163
1.0,6,22.537382
1.0,6,22.542628
0.0,5,22.571131
1.0,6,22.576351
1.0,6,22.581545
1.0,7,22.612702
1.0,6,22.617963
1.0,6,22.623151
0.0,3,22.650283
1.0,6,22.655454
1.0,6,22.660647
1.0,7,22.69142
1.0,6,22.696684
1.0,6,22.701927
0.0,3,22.728598
1.0,6,22.733706
1.0,6,22.739002
1.0,7,22.76938
1.0,6,22.774511
1.0,6,22.779709
0.0,3,22.806387
1.0,6,22.811275
1.0,6,22.816529
1.0,7,22.847673
1.0,6,22.852801
1.0,6,22.858016
0.0,3,22.885127
1.0,6,22.890073
1.0,6,22.895334
1.0,7,22.927121
1.0,6,22.93228
1.0,6,22.937502
0.0,3,22.96449
1.0,6,22.969592
1.0,6,22.974786
1.0,7,23.005331
1.0,6,23.010598
1.0,6,23.015853
0.0,3,23.04281
1.0,6,23.047747
1.0,6,23.052946
1.0,7,23.109437
1.0,6,23.116031
1.0,6,23.122078
0.0,3,23.16877
1.0,6,23.175217
1.0,6,23.181217
1.0,7,23.213487
1.0,6,23.218814
1.0,6,23.224069
0.0,3,23.250758
1.0,6,23.255929
1.0,6,23.261208
1.0,7,23.293111
1.0,6,23.298479
1.0,6,23.303729
0.0,3,23.330782
1.0,6,23.335695
1.0,6,23.340842
1.0,7,23.371713
1.0,6,23.377034
1.0,6,23.382184
0.0,3,23.409215
1.0,6,23.414169
1.0,6,23.419346
1.0,7,23.449622
1.0,6,23.454858
1.0,6,23.460057
0.0,3,23.486994
1.0,6,23.492037
1.0,6,23.497267
1.0,7,23.527629
1.0,6,23.532765
1.0,6,23.537998
0.0,3,23.564924
1.0,6,23.569996
1.0,6,23.575193
1.0,7,23.60592
1.0,6,23.611001
1.0,6,23.616288
0.0,3,23.643317
1.0,6,23.648306
1.0,6,23.653488
1.0,7,23.684164
1.0,6,23.689372
1.0,6,23.694588
0.0,3,23.721461
1.0,6,23.726344
1.0,6,23.731582
1.0,7,23.762346
1.0,6,23.767582
1.0,6,23.772757
0.0,3,23.799702
1.0,6,23.804567
1.0,6,23.809772
1.0,7,23.84042
1.0,6,23.845699
1.0,6,23.850971
0.0,3,23.878015
1.0,6,23.883241
1.0,6,23.888485
1.0,7,23.919156
1.0,6,23.924375
1.0,6,23.929679
0.0,3,23.95662
1.0,6,23.961775
1.0,6,23.967086
